"sender";"receiver"
"V1";"V2"
"V1";"V17"
"V1";"V20"
"V2";"V1"
"V2";"V6"
"V2";"V17"
"V2";"V20"
"V2";"V22"
"V2";"V24"
"V2";"V26"
"V3";"V2"
"V3";"V6"
"V3";"V14"
"V3";"V17"
"V3";"V18"
"V3";"V28"
"V3";"V30"
"V4";"V1"
"V4";"V2"
"V4";"V3"
"V4";"V6"
"V4";"V9"
"V4";"V12"
"V4";"V13"
"V4";"V14"
"V4";"V17"
"V4";"V19"
"V4";"V20"
"V4";"V21"
"V4";"V22"
"V4";"V24"
"V4";"V26"
"V4";"V28"
"V4";"V29"
"V5";"V1"
"V5";"V6"
"V5";"V11"
"V5";"V18"
"V7";"V2"
"V7";"V10"
"V7";"V28"
"V7";"V34"
"V8";"V1"
"V8";"V11"
"V9";"V11"
"V9";"V12"
"V9";"V17"
"V10";"V2"
"V10";"V16"
"V10";"V17"
"V10";"V24"
"V10";"V26"
"V10";"V29"
"V10";"V34"
"V11";"V1"
"V11";"V8"
"V11";"V12"
"V11";"V17"
"V11";"V21"
"V12";"V2"
"V12";"V4"
"V12";"V8"
"V12";"V9"
"V12";"V10"
"V12";"V11"
"V12";"V13"
"V12";"V14"
"V12";"V15"
"V12";"V16"
"V12";"V17"
"V12";"V19"
"V12";"V25"
"V12";"V26"
"V12";"V29"
"V12";"V32"
"V12";"V34"
"V12";"V35"
"V12";"V38"
"V12";"V42"
"V13";"V8"
"V13";"V11"
"V13";"V12"
"V13";"V15"
"V13";"V16"
"V13";"V17"
"V13";"V20"
"V13";"V21"
"V13";"V24"
"V13";"V26"
"V13";"V34"
"V13";"V38"
"V13";"V39"
"V13";"V40"
"V13";"V41"
"V13";"V43"
"V14";"V3"
"V14";"V4"
"V14";"V6"
"V14";"V12"
"V14";"V15"
"V14";"V16"
"V14";"V17"
"V14";"V25"
"V14";"V28"
"V14";"V30"
"V14";"V32"
"V14";"V34"
"V14";"V35"
"V14";"V50"
"V15";"V2"
"V15";"V6"
"V15";"V13"
"V15";"V14"
"V15";"V16"
"V15";"V22"
"V15";"V26"
"V15";"V29"
"V15";"V32"
"V15";"V34"
"V16";"V1"
"V16";"V2"
"V16";"V4"
"V16";"V6"
"V16";"V7"
"V16";"V9"
"V16";"V10"
"V16";"V12"
"V16";"V14"
"V16";"V15"
"V16";"V17"
"V16";"V19"
"V16";"V24"
"V16";"V25"
"V16";"V26"
"V16";"V28"
"V16";"V29"
"V16";"V32"
"V16";"V34"
"V16";"V37"
"V16";"V38"
"V16";"V45"
"V16";"V46"
"V16";"V48"
"V16";"V50"
"V16";"V53"
"V16";"V60"
"V17";"V1"
"V17";"V2"
"V17";"V4"
"V17";"V8"
"V17";"V9"
"V17";"V11"
"V17";"V12"
"V17";"V14"
"V17";"V16"
"V17";"V20"
"V17";"V21"
"V17";"V22"
"V17";"V24"
"V17";"V26"
"V17";"V28"
"V17";"V29"
"V17";"V34"
"V17";"V39"
"V17";"V40"
"V17";"V46"
"V17";"V48"
"V18";"V3"
"V18";"V5"
"V18";"V6"
"V18";"V31"
"V18";"V32"
"V19";"V1"
"V19";"V2"
"V19";"V3"
"V19";"V4"
"V19";"V6"
"V19";"V9"
"V19";"V12"
"V19";"V13"
"V19";"V15"
"V19";"V17"
"V19";"V20"
"V19";"V21"
"V19";"V22"
"V19";"V24"
"V19";"V26"
"V19";"V28"
"V19";"V29"
"V19";"V30"
"V19";"V32"
"V19";"V34"
"V19";"V35"
"V19";"V37"
"V19";"V42"
"V19";"V43"
"V19";"V45"
"V19";"V46"
"V19";"V53"
"V19";"V60"
"V19";"V64"
"V19";"V70"
"V20";"V1"
"V20";"V2"
"V20";"V4"
"V20";"V5"
"V20";"V13"
"V20";"V14"
"V20";"V15"
"V20";"V21"
"V20";"V24"
"V20";"V26"
"V20";"V40"
"V21";"V1"
"V21";"V9"
"V21";"V11"
"V21";"V13"
"V21";"V17"
"V21";"V20"
"V21";"V24"
"V21";"V26"
"V21";"V27"
"V21";"V40"
"V21";"V41"
"V22";"V1"
"V22";"V2"
"V22";"V4"
"V22";"V15"
"V22";"V16"
"V22";"V17"
"V22";"V19"
"V22";"V20"
"V22";"V28"
"V22";"V31"
"V22";"V32"
"V22";"V34"
"V23";"V1"
"V23";"V3"
"V23";"V4"
"V23";"V5"
"V23";"V8"
"V23";"V11"
"V23";"V13"
"V23";"V18"
"V23";"V20"
"V24";"V1"
"V24";"V2"
"V24";"V6"
"V24";"V8"
"V24";"V10"
"V24";"V11"
"V24";"V12"
"V24";"V13"
"V24";"V17"
"V24";"V20"
"V24";"V21"
"V24";"V26"
"V24";"V28"
"V24";"V30"
"V24";"V31"
"V24";"V36"
"V24";"V38"
"V24";"V40"
"V24";"V41"
"V24";"V43"
"V24";"V53"
"V24";"V64"
"V25";"V3"
"V25";"V9"
"V25";"V12"
"V25";"V14"
"V25";"V17"
"V25";"V20"
"V25";"V28"
"V25";"V30"
"V26";"V1"
"V26";"V2"
"V26";"V4"
"V26";"V5"
"V26";"V6"
"V26";"V8"
"V26";"V9"
"V26";"V11"
"V26";"V12"
"V26";"V13"
"V26";"V15"
"V26";"V16"
"V26";"V17"
"V26";"V20"
"V26";"V21"
"V26";"V22"
"V26";"V24"
"V26";"V27"
"V26";"V29"
"V26";"V30"
"V26";"V32"
"V26";"V34"
"V26";"V40"
"V26";"V41"
"V27";"V1"
"V27";"V2"
"V27";"V4"
"V27";"V5"
"V27";"V6"
"V27";"V9"
"V27";"V10"
"V27";"V11"
"V27";"V13"
"V27";"V15"
"V27";"V16"
"V27";"V20"
"V27";"V21"
"V27";"V23"
"V27";"V24"
"V27";"V26"
"V27";"V29"
"V27";"V34"
"V27";"V40"
"V27";"V41"
"V27";"V57"
"V28";"V3"
"V28";"V4"
"V28";"V5"
"V28";"V6"
"V28";"V7"
"V28";"V12"
"V28";"V13"
"V28";"V14"
"V28";"V15"
"V28";"V16"
"V28";"V17"
"V28";"V18"
"V28";"V19"
"V28";"V24"
"V28";"V25"
"V28";"V26"
"V28";"V29"
"V28";"V30"
"V28";"V31"
"V28";"V32"
"V28";"V34"
"V28";"V35"
"V28";"V45"
"V28";"V46"
"V28";"V50"
"V28";"V63"
"V28";"V70"
"V29";"V1"
"V29";"V2"
"V29";"V4"
"V29";"V9"
"V29";"V12"
"V29";"V15"
"V29";"V16"
"V29";"V17"
"V29";"V19"
"V29";"V20"
"V29";"V26"
"V29";"V28"
"V29";"V34"
"V30";"V1"
"V30";"V3"
"V30";"V6"
"V30";"V14"
"V30";"V17"
"V30";"V20"
"V30";"V22"
"V30";"V25"
"V30";"V26"
"V30";"V28"
"V30";"V31"
"V30";"V32"
"V30";"V33"
"V30";"V35"
"V30";"V36"
"V30";"V39"
"V30";"V59"
"V31";"V4"
"V31";"V5"
"V31";"V6"
"V31";"V13"
"V31";"V15"
"V31";"V18"
"V31";"V20"
"V31";"V21"
"V31";"V22"
"V31";"V24"
"V31";"V26"
"V31";"V28"
"V31";"V30"
"V31";"V32"
"V31";"V33"
"V31";"V35"
"V31";"V41"
"V31";"V50"
"V32";"V5"
"V32";"V6"
"V32";"V14"
"V32";"V15"
"V32";"V16"
"V32";"V22"
"V32";"V30"
"V32";"V31"
"V32";"V35"
"V32";"V50"
"V32";"V63"
"V33";"V5"
"V33";"V7"
"V33";"V13"
"V33";"V18"
"V33";"V21"
"V33";"V22"
"V33";"V23"
"V33";"V24"
"V33";"V25"
"V33";"V26"
"V33";"V30"
"V33";"V31"
"V33";"V32"
"V33";"V34"
"V33";"V35"
"V33";"V38"
"V33";"V41"
"V34";"V2"
"V34";"V10"
"V34";"V12"
"V34";"V16"
"V34";"V17"
"V34";"V29"
"V35";"V4"
"V35";"V5"
"V35";"V6"
"V35";"V7"
"V35";"V14"
"V35";"V15"
"V35";"V18"
"V35";"V19"
"V35";"V20"
"V35";"V25"
"V35";"V26"
"V35";"V28"
"V35";"V30"
"V35";"V31"
"V35";"V32"
"V35";"V38"
"V35";"V46"
"V35";"V60"
"V36";"V1"
"V36";"V8"
"V36";"V13"
"V36";"V15"
"V36";"V26"
"V36";"V29"
"V36";"V34"
"V37";"V15"
"V37";"V47"
"V37";"V50"
"V38";"V13"
"V38";"V24"
"V38";"V26"
"V38";"V36"
"V38";"V40"
"V38";"V41"
"V39";"V1"
"V39";"V5"
"V39";"V11"
"V39";"V13"
"V39";"V22"
"V39";"V26"
"V39";"V40"
"V39";"V41"
"V39";"V42"
"V39";"V48"
"V39";"V52"
"V39";"V55"
"V39";"V56"
"V39";"V57"
"V40";"V11"
"V40";"V21"
"V40";"V26"
"V40";"V27"
"V40";"V38"
"V40";"V39"
"V40";"V41"
"V40";"V43"
"V41";"V1"
"V41";"V4"
"V41";"V8"
"V41";"V11"
"V41";"V13"
"V41";"V21"
"V41";"V22"
"V41";"V23"
"V41";"V24"
"V41";"V26"
"V41";"V29"
"V41";"V36"
"V41";"V38"
"V41";"V39"
"V41";"V40"
"V41";"V43"
"V41";"V45"
"V41";"V49"
"V41";"V50"
"V41";"V52"
"V41";"V57"
"V42";"V2"
"V42";"V4"
"V42";"V9"
"V42";"V12"
"V42";"V13"
"V42";"V14"
"V42";"V16"
"V42";"V17"
"V42";"V19"
"V42";"V20"
"V42";"V24"
"V42";"V26"
"V42";"V27"
"V42";"V28"
"V42";"V29"
"V42";"V30"
"V42";"V34"
"V42";"V37"
"V42";"V38"
"V42";"V39"
"V42";"V40"
"V42";"V41"
"V42";"V48"
"V42";"V50"
"V42";"V52"
"V43";"V1"
"V43";"V2"
"V43";"V8"
"V43";"V11"
"V43";"V13"
"V43";"V20"
"V43";"V21"
"V43";"V24"
"V43";"V26"
"V43";"V27"
"V43";"V36"
"V43";"V40"
"V43";"V41"
"V43";"V55"
"V44";"V2"
"V44";"V10"
"V44";"V15"
"V44";"V16"
"V44";"V17"
"V44";"V34"
"V45";"V4"
"V45";"V9"
"V45";"V17"
"V45";"V19"
"V45";"V25"
"V45";"V28"
"V45";"V29"
"V45";"V34"
"V45";"V42"
"V45";"V46"
"V46";"V19"
"V46";"V28"
"V46";"V30"
"V46";"V31"
"V46";"V34"
"V46";"V35"
"V46";"V60"
"V47";"V15"
"V47";"V22"
"V47";"V23"
"V47";"V30"
"V47";"V36"
"V48";"V2"
"V48";"V9"
"V48";"V10"
"V48";"V12"
"V48";"V13"
"V48";"V14"
"V48";"V16"
"V48";"V17"
"V48";"V24"
"V48";"V29"
"V48";"V34"
"V48";"V38"
"V48";"V39"
"V48";"V43"
"V48";"V45"
"V48";"V46"
"V48";"V64"
"V49";"V8"
"V49";"V11"
"V49";"V13"
"V49";"V21"
"V49";"V22"
"V49";"V26"
"V49";"V40"
"V49";"V41"
"V49";"V52"
"V50";"V5"
"V50";"V6"
"V50";"V12"
"V50";"V14"
"V50";"V18"
"V50";"V25"
"V50";"V28"
"V50";"V30"
"V50";"V32"
"V50";"V35"
"V51";"V5"
"V51";"V13"
"V51";"V18"
"V51";"V22"
"V51";"V30"
"V51";"V31"
"V51";"V32"
"V51";"V33"
"V51";"V35"
"V51";"V38"
"V51";"V39"
"V51";"V40"
"V51";"V41"
"V51";"V43"
"V51";"V49"
"V51";"V50"
"V51";"V52"
"V51";"V54"
"V51";"V56"
"V51";"V57"
"V51";"V58"
"V51";"V59"
"V51";"V60"
"V52";"V8"
"V52";"V13"
"V52";"V21"
"V52";"V23"
"V52";"V24"
"V52";"V26"
"V52";"V31"
"V52";"V36"
"V52";"V38"
"V52";"V39"
"V52";"V40"
"V52";"V41"
"V52";"V49"
"V53";"V2"
"V53";"V10"
"V53";"V16"
"V53";"V64"
"V54";"V1"
"V54";"V5"
"V54";"V11"
"V54";"V13"
"V54";"V22"
"V54";"V26"
"V54";"V33"
"V54";"V36"
"V54";"V40"
"V54";"V41"
"V54";"V52"
"V54";"V56"
"V54";"V58"
"V54";"V65"
"V55";"V10"
"V55";"V13"
"V55";"V16"
"V55";"V20"
"V55";"V21"
"V55";"V22"
"V55";"V23"
"V55";"V24"
"V55";"V26"
"V55";"V27"
"V55";"V31"
"V55";"V36"
"V55";"V38"
"V55";"V39"
"V55";"V40"
"V55";"V41"
"V55";"V43"
"V55";"V49"
"V55";"V52"
"V55";"V54"
"V55";"V56"
"V55";"V57"
"V56";"V11"
"V56";"V13"
"V56";"V20"
"V56";"V21"
"V56";"V22"
"V56";"V23"
"V56";"V24"
"V56";"V26"
"V56";"V27"
"V56";"V34"
"V56";"V38"
"V56";"V39"
"V56";"V40"
"V56";"V41"
"V56";"V52"
"V56";"V54"
"V56";"V55"
"V56";"V57"
"V56";"V64"
"V56";"V65"
"V57";"V13"
"V57";"V21"
"V57";"V24"
"V57";"V38"
"V57";"V39"
"V57";"V40"
"V57";"V41"
"V57";"V43"
"V57";"V52"
"V57";"V55"
"V57";"V56"
"V57";"V62"
"V58";"V5"
"V58";"V6"
"V58";"V7"
"V58";"V13"
"V58";"V18"
"V58";"V28"
"V58";"V30"
"V58";"V31"
"V58";"V32"
"V58";"V33"
"V58";"V51"
"V58";"V54"
"V59";"V5"
"V59";"V6"
"V59";"V18"
"V59";"V30"
"V59";"V31"
"V59";"V32"
"V59";"V33"
"V59";"V51"
"V59";"V58"
"V60";"V9"
"V60";"V10"
"V60";"V12"
"V60";"V16"
"V60";"V17"
"V60";"V19"
"V60";"V26"
"V60";"V34"
"V60";"V35"
"V60";"V45"
"V60";"V46"
"V60";"V61"
"V61";"V34"
"V61";"V60"
"V61";"V64"
"V62";"V12"
"V62";"V15"
"V62";"V26"
"V62";"V37"
"V62";"V45"
"V62";"V56"
"V62";"V57"
"V62";"V60"
"V62";"V64"
"V62";"V65"
"V63";"V5"
"V63";"V14"
"V63";"V15"
"V63";"V25"
"V63";"V28"
"V63";"V30"
"V63";"V31"
"V63";"V32"
"V63";"V33"
"V63";"V35"
"V63";"V46"
"V63";"V50"
"V64";"V2"
"V64";"V7"
"V64";"V10"
"V64";"V13"
"V64";"V16"
"V64";"V22"
"V64";"V34"
"V64";"V53"
"V65";"V4"
"V65";"V6"
"V65";"V8"
"V65";"V11"
"V65";"V13"
"V65";"V22"
"V65";"V24"
"V65";"V26"
"V65";"V27"
"V65";"V30"
"V65";"V36"
"V65";"V38"
"V65";"V39"
"V65";"V40"
"V65";"V41"
"V65";"V49"
"V65";"V52"
"V65";"V54"
"V65";"V55"
"V65";"V56"
"V65";"V57"
"V65";"V58"
"V65";"V62"
"V65";"V64"
"V65";"V68"
"V66";"V12"
"V66";"V13"
"V66";"V21"
"V66";"V22"
"V66";"V23"
"V66";"V24"
"V66";"V26"
"V66";"V28"
"V66";"V39"
"V66";"V40"
"V66";"V41"
"V66";"V49"
"V66";"V50"
"V66";"V52"
"V66";"V54"
"V66";"V55"
"V66";"V56"
"V66";"V57"
"V66";"V62"
"V66";"V64"
"V66";"V65"
"V66";"V67"
"V66";"V68"
"V66";"V69"
"V66";"V70"
"V66";"V71"
"V67";"V13"
"V67";"V24"
"V67";"V38"
"V67";"V39"
"V67";"V40"
"V67";"V43"
"V67";"V49"
"V67";"V52"
"V67";"V54"
"V67";"V55"
"V67";"V56"
"V67";"V57"
"V67";"V66"
"V67";"V68"
"V67";"V69"
"V67";"V70"
"V68";"V13"
"V68";"V20"
"V68";"V21"
"V68";"V22"
"V68";"V26"
"V68";"V27"
"V68";"V40"
"V68";"V41"
"V68";"V54"
"V68";"V65"
"V69";"V26"
"V69";"V39"
"V69";"V49"
"V69";"V54"
"V69";"V62"
"V69";"V64"
"V69";"V65"
"V69";"V66"
"V69";"V67"
"V69";"V68"
"V69";"V70"
"V69";"V71"
"V70";"V4"
"V70";"V21"
"V70";"V28"
"V70";"V29"
"V70";"V32"
"V70";"V40"
"V70";"V45"
"V71";"V13"
"V71";"V22"
"V71";"V39"
"V71";"V40"
"V71";"V49"
"V71";"V52"
"V71";"V55"
"V71";"V56"
"V71";"V57"
"V71";"V65"
"V71";"V67"
"V71";"V68"
"V71";"V69"
